{
    "Hip": [
        0.5,
        0.19,
        0.5016666666666666
    ],
    "Knee": [
        0.7433333333333333,
        0.23,
        0.8183333333333332
    ],
    "Ankle": [
        0.9466666666666668,
        0.023333333333333334,
        0.825
    ],
    "Shoulder": [
        0.5,
        0.6233333333333334,
        0.415
    ],
    "Elbow": [
        0.7766666666666667,
        0.83,
        -0.1483333333333333
    ],
    "Wrist": [
        1.0,
        0.6166666666666667,
        -0.275
    ],
    "Head": [
        0.5,
        1.0033333333333332,
        0.025
    ],
    "NeckBase": [
        0.003333333333333333,
        0.9966666666666667,
        0.375
    ],
    "TailBase": [
        0.5,
        0.4,
        0.5
    ],
    "TailMid": [
        0.25,
        0.19,
        0.11166666666666664
    ],
    "TailTip": [
        0.0,
        0.006666666666666666,
        0.035
    ]
}